[{
  "_id": {
    "$oid": "675c647d1520707187251fa1"
  },
  "filename": "Screenshot 2024-12-10 172523.png",
  "path": "/uploads/Screenshot 2024-12-10 172523.png",
  "createdAt": {
    "$date": "2024-12-13T16:44:45.231Z"
  }
},
{
  "_id": {
    "$oid": "675c6624fc50e3fbea932cd8"
  },
  "filename": "Screenshot 2024-12-09 132524.png",
  "path": "/uploads/Screenshot 2024-12-09 132524.png",
  "createdAt": {
    "$date": "2024-12-13T16:51:48.181Z"
  }
},
{
  "_id": {
    "$oid": "675c6639fc50e3fbea932cd9"
  },
  "filename": "Screenshot 2024-12-10 172513.png",
  "path": "/uploads/Screenshot 2024-12-10 172513.png",
  "createdAt": {
    "$date": "2024-12-13T16:52:09.555Z"
  }
},
{
  "_id": {
    "$oid": "675c663efc50e3fbea932cda"
  },
  "filename": "Screenshot 2024-12-10 172513.png",
  "path": "/uploads/Screenshot 2024-12-10 172513.png",
  "createdAt": {
    "$date": "2024-12-13T16:52:14.814Z"
  }
},
{
  "_id": {
    "$oid": "675c6642fc50e3fbea932cdb"
  },
  "filename": "Screenshot 2024-12-09 132524.png",
  "path": "/uploads/Screenshot 2024-12-09 132524.png",
  "createdAt": {
    "$date": "2024-12-13T16:52:18.799Z"
  }
},
{
  "_id": {
    "$oid": "675c664afc50e3fbea932cdc"
  },
  "filename": "Screenshot 2024-12-12 075622.png",
  "path": "/uploads/Screenshot 2024-12-12 075622.png",
  "createdAt": {
    "$date": "2024-12-13T16:52:26.187Z"
  }
},
{
  "_id": {
    "$oid": "675c6667fc50e3fbea932cdd"
  },
  "filename": "road-1072823__340.jpg",
  "path": "/uploads/road-1072823__340.jpg",
  "createdAt": {
    "$date": "2024-12-13T16:52:55.493Z"
  }
},
{
  "_id": {
    "$oid": "675c677ffc50e3fbea932ce0"
  },
  "filename": "road-1072823__340.jpg",
  "path": "/uploads/road-1072823__340.jpg",
  "createdAt": {
    "$date": "2024-12-13T16:57:35.149Z"
  }
},
{
  "_id": {
    "$oid": "675c716ed504881e401aec3b"
  },
  "filename": "road-1072823__340.jpg",
  "path": "/uploads/road-1072823__340.jpg",
  "createdAt": {
    "$date": "2024-12-13T17:39:58.237Z"
  }
},
{
  "_id": {
    "$oid": "675c7256d504881e401aec3d"
  },
  "filename": "road-1072823__340.jpg",
  "path": "/uploads/road-1072823__340.jpg",
  "createdAt": {
    "$date": "2024-12-13T17:43:50.793Z"
  }
}]